<?xml version="1.0" encoding="utf-8"?>
<!DOCTYPE hibernate-mapping PUBLIC "-//Hibernate/Hibernate Mapping DTD 3.0//EN"
"http://hibernate.sourceforge.net/hibernate-mapping-3.0.dtd">  
<hibernate-mapping>
	<class name="com.igd.doc.model.SinglePrice" table="price">
	<id name="id"  type="java.lang.String" column="id">
			<generator class="uuid.hex"/>
	</id> 
	<property name="price" column="price" />
<!--  -->	<many-to-one name="pur" 
        column="pur_Id"
        lazy="false"
        not-null="true"/>
    <many-to-one name="gb" 
        column="gb_Id"
        lazy="false"
        not-null="true"/>
	</class>
	
</hibernate-mapping>