<?xml version="1.0" encoding="utf-8"?>
<!DOCTYPE hibernate-mapping PUBLIC "-//Hibernate/Hibernate Mapping DTD 3.0//EN"
"http://hibernate.sourceforge.net/hibernate-mapping-3.0.dtd">
<!-- 
    Mapping file autogenerated by MyEclipse Persistence Tools
-->
<hibernate-mapping>
    <class name="com.igd.admin.model.Dept" table="sys_dept">
    	<id name="id" type="java.lang.String" column="s_id" unsaved-value="">
			<generator class="uuid.hex"/>
		</id>
        <property name="code" column="s_code" />
        <property name="name" column="s_name" />
        <property name="address" column="s_address" />
        <property name="postcode" column="s_postcode" />
        <property name="parentCode" column="s_parentCode" />
        <property name="level" column="i_level" />
        <property name="categoryCode" column="s_categoryCode" />
        <property name="commonCode" column="s_commonCode" />
        <property name="state" column="s_state" />
        <property name="remark" column="s_remark" />
    </class>
</hibernate-mapping>
