<?xml version="1.0" encoding="utf-8"?>
<!DOCTYPE hibernate-mapping PUBLIC "-//Hibernate/Hibernate Mapping DTD 3.0//EN"
"http://hibernate.sourceforge.net/hibernate-mapping-3.0.dtd">
<!-- 
    Mapping file autogenerated by MyEclipse Persistence Tools
-->
<hibernate-mapping>
    <class name="com.igd.admin.model.Menu" table="sys_menu">
    	<id name="id" type="java.lang.String" column="s_id" unsaved-value="">
			<generator class="uuid.hex"/>
		</id>
       <!--  <property name="no" column="s_role_id" /> -->
        <property name="no" column="s_no" />
        <property name="name" column="s_name" />
        <property name="linkAddress" column="s_linkAddress" />
        <property name="sequence" column="s_sequence" />
        <property name="islink" column="s_islink" />
        <property name="remark" column="s_remark" />
    </class>
</hibernate-mapping>
