<?xml version="1.0" encoding="utf-8"?>
<!DOCTYPE hibernate-mapping PUBLIC "-//Hibernate/Hibernate Mapping DTD 3.0//EN"
"http://hibernate.sourceforge.net/hibernate-mapping-3.0.dtd">
<hibernate-mapping>
    <class name="com.igd.admin.model.Role" table="sys_role">
    	<id name="id" type="java.lang.String" column="s_id" unsaved-value="">
			<generator class="uuid.hex"/>
		</id>
        <many-to-one name="dept" class="com.igd.admin.model.Dept" column="s_dept_id" />
        <property name="no" column="s_no" />
        <property name="name" column="s_name" />
        <property name="state" column="s_state" />
        <property name="remark" column="s_remark" />
    </class>
</hibernate-mapping>
