<?xml version="1.0" encoding="utf-8"?>
<!DOCTYPE hibernate-mapping PUBLIC "-//Hibernate/Hibernate Mapping DTD 3.0//EN"
"http://hibernate.sourceforge.net/hibernate-mapping-3.0.dtd">  
<hibernate-mapping>
	<class name="com.igd.baseinfo.model.Workshop" table="workshop">
	<id name="id"  type="java.lang.String" column="id">
			<generator class="uuid.hex"/>
	</id> 
	<property name="name" column="name" />
		<property name="num" column="num" />
	<property name="remark" column="remark" />
	 
	</class>
	
</hibernate-mapping>