<serviceGroup>
    <service name="myService">
        <description> 用户登录</description>
        <parameter name="ServiceClass">webService.myService</parameter>
         <messageReceivers>
           <messageReceiver mep="http://www.w3.org/2004/08/wsdl/in-out"
                class="org.apache.axis2.rpc.receivers.RPCMessageReceiver" />
           <messageReceiver mep="http://www.w3.org/2004/08/wsdl/in-only"
                class="org.apache.axis2.rpc.receivers.RPCInOnlyMessageReceiver" />
        </messageReceivers>
    </service>
    <!-- 登录接口 -->
    <service name="loginRemoteInterface">
		<description>登录验证</description>
		<parameter name="ServiceObjectSupplier">org.apache.axis2.extensions.spring.receivers.SpringAppContextAwareObjectSupplier</parameter>
		<parameter name="SpringBeanName">loginRemoteInterface</parameter>
		<messageReceivers>
           <messageReceiver mep="http://www.w3.org/2004/08/wsdl/in-out"
                class="org.apache.axis2.rpc.receivers.RPCMessageReceiver" />
           <messageReceiver mep="http://www.w3.org/2004/08/wsdl/in-only"
                class="org.apache.axis2.rpc.receivers.RPCInOnlyMessageReceiver" />
        </messageReceivers>
	</service>
	
	<!-- 乳品主体责任情况基础接口 -->
    <service name="baseDairycheckRI">
		<description>登录验证</description>
		<parameter name="ServiceObjectSupplier">org.apache.axis2.extensions.spring.receivers.SpringAppContextAwareObjectSupplier</parameter>
		<parameter name="SpringBeanName">baseDairycheckRI</parameter>
		<messageReceivers>
           <messageReceiver mep="http://www.w3.org/2004/08/wsdl/in-out"
                class="org.apache.axis2.rpc.receivers.RPCMessageReceiver" />
           <messageReceiver mep="http://www.w3.org/2004/08/wsdl/in-only"
                class="org.apache.axis2.rpc.receivers.RPCInOnlyMessageReceiver" />
        </messageReceivers>
	</service>
    
    <!-- 核查基础情况基础接口 -->
    <service name="verifyDairycheckRI">
		<description>核查验证</description>
		<parameter name="ServiceObjectSupplier">org.apache.axis2.extensions.spring.receivers.SpringAppContextAwareObjectSupplier</parameter>
		<parameter name="SpringBeanName">verifyDairycheckRI</parameter>
		<messageReceivers>
           <messageReceiver mep="http://www.w3.org/2004/08/wsdl/in-out"
                class="org.apache.axis2.rpc.receivers.RPCMessageReceiver" />
           <messageReceiver mep="http://www.w3.org/2004/08/wsdl/in-only"
                class="org.apache.axis2.rpc.receivers.RPCInOnlyMessageReceiver" />
        </messageReceivers>
	</service>
	
	    <!-- 自查基础情况基础接口 -->
    <service name="selfDairycheckRI">
		<description>核查验证</description>
		<parameter name="ServiceObjectSupplier">org.apache.axis2.extensions.spring.receivers.SpringAppContextAwareObjectSupplier</parameter>
		<parameter name="SpringBeanName">selfDairycheckRI</parameter>
		<messageReceivers>
           <messageReceiver mep="http://www.w3.org/2004/08/wsdl/in-out"
                class="org.apache.axis2.rpc.receivers.RPCMessageReceiver" />
           <messageReceiver mep="http://www.w3.org/2004/08/wsdl/in-only"
                class="org.apache.axis2.rpc.receivers.RPCInOnlyMessageReceiver" />
        </messageReceivers>
	</service>
	
	<!-- 抽样单基础接口 -->
    <service name="ISampleTestcheckRI">
		<description>核查验证</description>
		<parameter name="ServiceObjectSupplier">org.apache.axis2.extensions.spring.receivers.SpringAppContextAwareObjectSupplier</parameter>
		<parameter name="SpringBeanName">ISampleTestcheckRI</parameter>
		<messageReceivers>
           <messageReceiver mep="http://www.w3.org/2004/08/wsdl/in-out"
                class="org.apache.axis2.rpc.receivers.RPCMessageReceiver" />
           <messageReceiver mep="http://www.w3.org/2004/08/wsdl/in-only"
                class="org.apache.axis2.rpc.receivers.RPCInOnlyMessageReceiver" />
        </messageReceivers>
	</service>
	
	<!-- 检查项 -->
    <service name="checkitemsRI">
		<description>核查验证</description>
		<parameter name="ServiceObjectSupplier">org.apache.axis2.extensions.spring.receivers.SpringAppContextAwareObjectSupplier</parameter>
		<parameter name="SpringBeanName">checkitemsRI</parameter>
		<messageReceivers>
           <messageReceiver mep="http://www.w3.org/2004/08/wsdl/in-out"
                class="org.apache.axis2.rpc.receivers.RPCMessageReceiver" />
           <messageReceiver mep="http://www.w3.org/2004/08/wsdl/in-only"
                class="org.apache.axis2.rpc.receivers.RPCInOnlyMessageReceiver" />
        </messageReceivers>
	</service>	
	
    
</serviceGroup>


